scenario,strategia,seed,n_drift_reali,n_eventi,n_rilevati,n_falsi_allarmi,n_mancati,n_duplicati,latenza_media,falsi_allarmi_per_1000
stazionario,KS,1000,0,0,0,0,0,0,,0.0
stazionario,KS,1001,0,0,0,0,0,0,,0.0
stazionario,KS,1002,0,3,0,3,0,0,,0.5172413793103449
stazionario,KS,1003,0,0,0,0,0,0,,0.0
stazionario,KS,1004,0,0,0,0,0,0,,0.0
stazionario,KS,1005,0,0,0,0,0,0,,0.0
stazionario,KS,1006,0,1,0,1,0,0,,0.1724137931034483
stazionario,KS,1007,0,0,0,0,0,0,,0.0
stazionario,KS,1008,0,0,0,0,0,0,,0.0
stazionario,KS,1009,0,0,0,0,0,0,,0.0
stazionario,KS,1010,0,0,0,0,0,0,,0.0
stazionario,KS,1011,0,3,0,3,0,0,,0.5172413793103449
stazionario,KS,1012,0,0,0,0,0,0,,0.0
stazionario,KS,1013,0,0,0,0,0,0,,0.0
stazionario,KS,1014,0,0,0,0,0,0,,0.0
stazionario,KS,1015,0,0,0,0,0,0,,0.0
stazionario,KS,1016,0,0,0,0,0,0,,0.0
stazionario,KS,1017,0,0,0,0,0,0,,0.0
stazionario,KS,1018,0,0,0,0,0,0,,0.0
stazionario,KS,1019,0,0,0,0,0,0,,0.0
stazionario,ADWIN,1000,0,0,0,0,0,0,,0.0
stazionario,ADWIN,1001,0,0,0,0,0,0,,0.0
stazionario,ADWIN,1002,0,0,0,0,0,0,,0.0
stazionario,ADWIN,1003,0,0,0,0,0,0,,0.0
stazionario,ADWIN,1004,0,0,0,0,0,0,,0.0
stazionario,ADWIN,1005,0,0,0,0,0,0,,0.0
stazionario,ADWIN,1006,0,0,0,0,0,0,,0.0
stazionario,ADWIN,1007,0,0,0,0,0,0,,0.0
stazionario,ADWIN,1008,0,0,0,0,0,0,,0.0
stazionario,ADWIN,1009,0,0,0,0,0,0,,0.0
stazionario,ADWIN,1010,0,0,0,0,0,0,,0.0
stazionario,ADWIN,1011,0,0,0,0,0,0,,0.0
stazionario,ADWIN,1012,0,0,0,0,0,0,,0.0
stazionario,ADWIN,1013,0,0,0,0,0,0,,0.0
stazionario,ADWIN,1014,0,0,0,0,0,0,,0.0
stazionario,ADWIN,1015,0,0,0,0,0,0,,0.0
stazionario,ADWIN,1016,0,0,0,0,0,0,,0.0
stazionario,ADWIN,1017,0,0,0,0,0,0,,0.0
stazionario,ADWIN,1018,0,0,0,0,0,0,,0.0
stazionario,ADWIN,1019,0,0,0,0,0,0,,0.0
stazionario,DDM,1000,0,0,0,0,0,0,,0.0
stazionario,DDM,1001,0,1,0,1,0,0,,0.1724137931034483
stazionario,DDM,1002,0,0,0,0,0,0,,0.0
stazionario,DDM,1003,0,0,0,0,0,0,,0.0
stazionario,DDM,1004,0,0,0,0,0,0,,0.0
stazionario,DDM,1005,0,0,0,0,0,0,,0.0
stazionario,DDM,1006,0,1,0,1,0,0,,0.1724137931034483
stazionario,DDM,1007,0,0,0,0,0,0,,0.0
stazionario,DDM,1008,0,0,0,0,0,0,,0.0
stazionario,DDM,1009,0,0,0,0,0,0,,0.0
stazionario,DDM,1010,0,0,0,0,0,0,,0.0
stazionario,DDM,1011,0,0,0,0,0,0,,0.0
stazionario,DDM,1012,0,0,0,0,0,0,,0.0
stazionario,DDM,1013,0,0,0,0,0,0,,0.0
stazionario,DDM,1014,0,1,0,1,0,0,,0.1724137931034483
stazionario,DDM,1015,0,0,0,0,0,0,,0.0
stazionario,DDM,1016,0,0,0,0,0,0,,0.0
stazionario,DDM,1017,0,0,0,0,0,0,,0.0
stazionario,DDM,1018,0,0,0,0,0,0,,0.0
stazionario,DDM,1019,0,0,0,0,0,0,,0.0
stazionario,PageHinkley,1000,0,1,0,1,0,0,,0.1724137931034483
stazionario,PageHinkley,1001,0,0,0,0,0,0,,0.0
stazionario,PageHinkley,1002,0,0,0,0,0,0,,0.0
stazionario,PageHinkley,1003,0,0,0,0,0,0,,0.0
stazionario,PageHinkley,1004,0,0,0,0,0,0,,0.0
stazionario,PageHinkley,1005,0,0,0,0,0,0,,0.0
stazionario,PageHinkley,1006,0,0,0,0,0,0,,0.0
stazionario,PageHinkley,1007,0,0,0,0,0,0,,0.0
stazionario,PageHinkley,1008,0,0,0,0,0,0,,0.0
stazionario,PageHinkley,1009,0,0,0,0,0,0,,0.0
stazionario,PageHinkley,1010,0,0,0,0,0,0,,0.0
stazionario,PageHinkley,1011,0,0,0,0,0,0,,0.0
stazionario,PageHinkley,1012,0,0,0,0,0,0,,0.0
stazionario,PageHinkley,1013,0,0,0,0,0,0,,0.0
stazionario,PageHinkley,1014,0,1,0,1,0,0,,0.1724137931034483
stazionario,PageHinkley,1015,0,0,0,0,0,0,,0.0
stazionario,PageHinkley,1016,0,0,0,0,0,0,,0.0
stazionario,PageHinkley,1017,0,0,0,0,0,0,,0.0
stazionario,PageHinkley,1018,0,0,0,0,0,0,,0.0
stazionario,PageHinkley,1019,0,0,0,0,0,0,,0.0
stazionario,Ensemble-MAJORITY,1000,0,0,0,0,0,0,,0.0
stazionario,Ensemble-MAJORITY,1001,0,0,0,0,0,0,,0.0
stazionario,Ensemble-MAJORITY,1002,0,0,0,0,0,0,,0.0
stazionario,Ensemble-MAJORITY,1003,0,0,0,0,0,0,,0.0
stazionario,Ensemble-MAJORITY,1004,0,0,0,0,0,0,,0.0
stazionario,Ensemble-MAJORITY,1005,0,0,0,0,0,0,,0.0
stazionario,Ensemble-MAJORITY,1006,0,0,0,0,0,0,,0.0
stazionario,Ensemble-MAJORITY,1007,0,0,0,0,0,0,,0.0
stazionario,Ensemble-MAJORITY,1008,0,0,0,0,0,0,,0.0
stazionario,Ensemble-MAJORITY,1009,0,0,0,0,0,0,,0.0
stazionario,Ensemble-MAJORITY,1010,0,0,0,0,0,0,,0.0
stazionario,Ensemble-MAJORITY,1011,0,0,0,0,0,0,,0.0
stazionario,Ensemble-MAJORITY,1012,0,0,0,0,0,0,,0.0
stazionario,Ensemble-MAJORITY,1013,0,0,0,0,0,0,,0.0
stazionario,Ensemble-MAJORITY,1014,0,0,0,0,0,0,,0.0
stazionario,Ensemble-MAJORITY,1015,0,0,0,0,0,0,,0.0
stazionario,Ensemble-MAJORITY,1016,0,0,0,0,0,0,,0.0
stazionario,Ensemble-MAJORITY,1017,0,0,0,0,0,0,,0.0
stazionario,Ensemble-MAJORITY,1018,0,0,0,0,0,0,,0.0
stazionario,Ensemble-MAJORITY,1019,0,0,0,0,0,0,,0.0
improvviso,KS,1000,1,1,1,0,0,0,56,0.0
improvviso,KS,1001,1,2,1,0,0,1,30,0.0
improvviso,KS,1002,1,4,1,3,0,0,25,0.5660377358490566
improvviso,KS,1003,1,1,1,0,0,0,45,0.0
improvviso,KS,1004,1,1,1,0,0,0,43,0.0
improvviso,KS,1005,1,1,1,0,0,0,37,0.0
improvviso,KS,1006,1,2,1,0,0,1,45,0.0
improvviso,KS,1007,1,4,1,3,0,0,74,0.5660377358490566
improvviso,KS,1008,1,1,1,0,0,0,61,0.0
improvviso,KS,1009,1,1,1,0,0,0,50,0.0
improvviso,KS,1010,1,5,1,0,0,4,67,0.0
improvviso,KS,1011,1,1,1,0,0,0,25,0.0
improvviso,KS,1012,1,1,1,0,0,0,56,0.0
improvviso,KS,1013,1,1,1,0,0,0,57,0.0
improvviso,KS,1014,1,1,1,0,0,0,20,0.0
improvviso,KS,1015,1,1,1,0,0,0,36,0.0
improvviso,KS,1016,1,1,1,0,0,0,56,0.0
improvviso,KS,1017,1,2,1,1,0,0,73,0.18867924528301888
improvviso,KS,1018,1,1,1,0,0,0,41,0.0
improvviso,KS,1019,1,4,1,0,0,3,44,0.0
improvviso,ADWIN,1000,1,1,1,0,0,0,47,0.0
improvviso,ADWIN,1001,1,1,1,0,0,0,79,0.0
improvviso,ADWIN,1002,1,1,1,0,0,0,47,0.0
improvviso,ADWIN,1003,1,1,1,0,0,0,47,0.0
improvviso,ADWIN,1004,1,1,1,0,0,0,47,0.0
improvviso,ADWIN,1005,1,1,1,0,0,0,79,0.0
improvviso,ADWIN,1006,1,1,1,0,0,0,79,0.0
improvviso,ADWIN,1007,1,1,1,0,0,0,47,0.0
improvviso,ADWIN,1008,1,1,1,0,0,0,47,0.0
improvviso,ADWIN,1009,1,1,1,0,0,0,47,0.0
improvviso,ADWIN,1010,1,1,1,0,0,0,79,0.0
improvviso,ADWIN,1011,1,1,1,0,0,0,47,0.0
improvviso,ADWIN,1012,1,1,1,0,0,0,47,0.0
improvviso,ADWIN,1013,1,1,1,0,0,0,79,0.0
improvviso,ADWIN,1014,1,1,1,0,0,0,47,0.0
improvviso,ADWIN,1015,1,1,1,0,0,0,47,0.0
improvviso,ADWIN,1016,1,1,1,0,0,0,79,0.0
improvviso,ADWIN,1017,1,1,1,0,0,0,79,0.0
improvviso,ADWIN,1018,1,1,1,0,0,0,47,0.0
improvviso,ADWIN,1019,1,1,1,0,0,0,47,0.0
improvviso,DDM,1000,1,1,1,0,0,0,191,0.0
improvviso,DDM,1001,1,2,1,1,0,0,104,0.18867924528301888
improvviso,DDM,1002,1,1,1,0,0,0,136,0.0
improvviso,DDM,1003,1,1,1,0,0,0,145,0.0
improvviso,DDM,1004,1,1,1,0,0,0,86,0.0
improvviso,DDM,1005,1,1,1,0,0,0,108,0.0
improvviso,DDM,1006,1,2,1,1,0,0,76,0.18867924528301888
improvviso,DDM,1007,1,1,1,0,0,0,91,0.0
improvviso,DDM,1008,1,1,1,0,0,0,79,0.0
improvviso,DDM,1009,1,1,1,0,0,0,85,0.0
improvviso,DDM,1010,1,2,1,1,0,0,81,0.18867924528301888
improvviso,DDM,1011,1,1,1,0,0,0,138,0.0
improvviso,DDM,1012,1,1,1,0,0,0,105,0.0
improvviso,DDM,1013,1,1,1,0,0,0,99,0.0
improvviso,DDM,1014,1,1,1,0,0,0,34,0.0
improvviso,DDM,1015,1,1,1,0,0,0,48,0.0
improvviso,DDM,1016,1,1,1,0,0,0,138,0.0
improvviso,DDM,1017,1,1,1,0,0,0,130,0.0
improvviso,DDM,1018,1,1,1,0,0,0,48,0.0
improvviso,DDM,1019,1,1,1,0,0,0,88,0.0
improvviso,PageHinkley,1000,1,1,1,0,0,0,123,0.0
improvviso,PageHinkley,1001,1,1,1,0,0,0,127,0.0
improvviso,PageHinkley,1002,1,1,1,0,0,0,60,0.0
improvviso,PageHinkley,1003,1,1,1,0,0,0,111,0.0
improvviso,PageHinkley,1004,1,1,1,0,0,0,112,0.0
improvviso,PageHinkley,1005,1,1,1,0,0,0,111,0.0
improvviso,PageHinkley,1006,1,1,1,0,0,0,103,0.0
improvviso,PageHinkley,1007,1,1,1,0,0,0,130,0.0
improvviso,PageHinkley,1008,1,1,1,0,0,0,110,0.0
improvviso,PageHinkley,1009,1,1,1,0,0,0,122,0.0
improvviso,PageHinkley,1010,1,2,1,1,0,0,130,0.18867924528301888
improvviso,PageHinkley,1011,1,1,1,0,0,0,89,0.0
improvviso,PageHinkley,1012,1,1,1,0,0,0,116,0.0
improvviso,PageHinkley,1013,1,1,1,0,0,0,106,0.0
improvviso,PageHinkley,1014,1,1,1,0,0,0,62,0.0
improvviso,PageHinkley,1015,1,1,1,0,0,0,78,0.0
improvviso,PageHinkley,1016,1,1,1,0,0,0,141,0.0
improvviso,PageHinkley,1017,1,1,1,0,0,0,122,0.0
improvviso,PageHinkley,1018,1,1,1,0,0,0,81,0.0
improvviso,PageHinkley,1019,1,1,1,0,0,0,88,0.0
improvviso,Ensemble-MAJORITY,1000,1,1,1,0,0,0,123,0.0
improvviso,Ensemble-MAJORITY,1001,1,2,1,0,0,1,79,0.0
improvviso,Ensemble-MAJORITY,1002,1,2,1,0,0,1,47,0.0
improvviso,Ensemble-MAJORITY,1003,1,2,1,0,0,1,47,0.0
improvviso,Ensemble-MAJORITY,1004,1,2,1,0,0,1,47,0.0
improvviso,Ensemble-MAJORITY,1005,1,2,1,0,0,1,79,0.0
improvviso,Ensemble-MAJORITY,1006,1,2,1,0,0,1,79,0.0
improvviso,Ensemble-MAJORITY,1007,1,1,1,0,0,0,130,0.0
improvviso,Ensemble-MAJORITY,1008,1,1,1,0,0,0,110,0.0
improvviso,Ensemble-MAJORITY,1009,1,1,1,0,0,0,122,0.0
improvviso,Ensemble-MAJORITY,1010,1,3,1,1,0,1,79,0.18867924528301888
improvviso,Ensemble-MAJORITY,1011,1,2,1,0,0,1,47,0.0
improvviso,Ensemble-MAJORITY,1012,1,1,1,0,0,0,116,0.0
improvviso,Ensemble-MAJORITY,1013,1,2,1,0,0,1,79,0.0
improvviso,Ensemble-MAJORITY,1014,1,2,1,0,0,1,47,0.0
improvviso,Ensemble-MAJORITY,1015,1,2,1,0,0,1,47,0.0
improvviso,Ensemble-MAJORITY,1016,1,2,1,0,0,1,79,0.0
improvviso,Ensemble-MAJORITY,1017,1,2,1,0,0,1,79,0.0
improvviso,Ensemble-MAJORITY,1018,1,2,1,0,0,1,47,0.0
improvviso,Ensemble-MAJORITY,1019,1,2,1,0,0,1,47,0.0
graduale,KS,1000,1,6,1,4,0,1,434,0.7547169811320755
graduale,KS,1001,1,12,1,0,0,11,202,0.0
graduale,KS,1002,1,6,1,4,0,1,317,0.7547169811320755
graduale,KS,1003,1,3,0,3,1,0,,0.5660377358490566
graduale,KS,1004,1,20,1,17,0,2,464,3.207547169811321
graduale,KS,1005,1,9,1,6,0,2,436,1.1320754716981132
graduale,KS,1006,1,7,1,1,0,5,241,0.18867924528301888
graduale,KS,1007,1,13,0,13,1,0,,2.452830188679245
graduale,KS,1008,1,3,0,3,1,0,,0.5660377358490566
graduale,KS,1009,1,5,1,4,0,0,407,0.7547169811320755
graduale,KS,1010,1,1,0,1,1,0,,0.18867924528301888
graduale,KS,1011,1,6,1,0,0,5,184,0.0
graduale,KS,1012,1,4,0,4,1,0,,0.7547169811320755
graduale,KS,1013,1,8,0,8,1,0,,1.509433962264151
graduale,KS,1014,1,11,1,6,0,4,380,1.1320754716981132
graduale,KS,1015,1,7,1,6,0,0,459,1.1320754716981132
graduale,KS,1016,1,6,1,2,0,3,456,0.37735849056603776
graduale,KS,1017,1,6,0,6,1,0,,1.1320754716981132
graduale,KS,1018,1,7,1,1,0,5,201,0.18867924528301888
graduale,KS,1019,1,12,1,7,0,4,388,1.3207547169811322
graduale,ADWIN,1000,1,2,1,1,0,0,431,0.18867924528301888
graduale,ADWIN,1001,1,2,1,1,0,0,463,0.18867924528301888
graduale,ADWIN,1002,1,2,1,1,0,0,431,0.18867924528301888
graduale,ADWIN,1003,1,1,1,0,0,0,495,0.0
graduale,ADWIN,1004,1,2,1,1,0,0,495,0.18867924528301888
graduale,ADWIN,1005,1,2,0,2,1,0,,0.37735849056603776
graduale,ADWIN,1006,1,2,1,1,0,0,399,0.18867924528301888
graduale,ADWIN,1007,1,1,1,0,0,0,463,0.0
graduale,ADWIN,1008,1,1,1,0,0,0,463,0.0
graduale,ADWIN,1009,1,2,1,1,0,0,367,0.18867924528301888
graduale,ADWIN,1010,1,1,0,1,1,0,,0.18867924528301888
graduale,ADWIN,1011,1,2,1,1,0,0,303,0.18867924528301888
graduale,ADWIN,1012,1,1,1,0,0,0,463,0.0
graduale,ADWIN,1013,1,2,0,2,1,0,,0.37735849056603776
graduale,ADWIN,1014,1,2,1,1,0,0,431,0.18867924528301888
graduale,ADWIN,1015,1,2,1,1,0,0,463,0.18867924528301888
graduale,ADWIN,1016,1,2,1,1,0,0,431,0.18867924528301888
graduale,ADWIN,1017,1,2,1,1,0,0,367,0.18867924528301888
graduale,ADWIN,1018,1,2,1,1,0,0,399,0.18867924528301888
graduale,ADWIN,1019,1,2,1,1,0,0,431,0.18867924528301888
graduale,DDM,1000,1,2,0,2,1,0,,0.37735849056603776
graduale,DDM,1001,1,3,1,2,0,0,398,0.37735849056603776
graduale,DDM,1002,1,2,0,2,1,0,,0.37735849056603776
graduale,DDM,1003,1,2,0,2,1,0,,0.37735849056603776
graduale,DDM,1004,1,2,1,1,0,0,458,0.18867924528301888
graduale,DDM,1005,1,2,0,2,1,0,,0.37735849056603776
graduale,DDM,1006,1,3,1,2,0,0,371,0.37735849056603776
graduale,DDM,1007,1,2,1,1,0,0,447,0.18867924528301888
graduale,DDM,1008,1,2,1,1,0,0,429,0.18867924528301888
graduale,DDM,1009,1,2,1,1,0,0,343,0.18867924528301888
graduale,DDM,1010,1,2,1,1,0,0,474,0.18867924528301888
graduale,DDM,1011,1,2,0,2,1,0,,0.37735849056603776
graduale,DDM,1012,1,2,1,1,0,0,454,0.18867924528301888
graduale,DDM,1013,1,2,0,2,1,0,,0.37735849056603776
graduale,DDM,1014,1,2,1,1,0,0,377,0.18867924528301888
graduale,DDM,1015,1,2,1,1,0,0,398,0.18867924528301888
graduale,DDM,1016,1,2,0,2,1,0,,0.37735849056603776
graduale,DDM,1017,1,2,1,1,0,0,454,0.18867924528301888
graduale,DDM,1018,1,3,1,2,0,0,350,0.37735849056603776
graduale,DDM,1019,1,2,0,2,1,0,,0.37735849056603776
graduale,PageHinkley,1000,1,2,0,2,1,0,,0.37735849056603776
graduale,PageHinkley,1001,1,2,1,1,0,0,436,0.18867924528301888
graduale,PageHinkley,1002,1,2,1,1,0,0,378,0.18867924528301888
graduale,PageHinkley,1003,1,2,0,2,1,0,,0.37735849056603776
graduale,PageHinkley,1004,1,2,1,1,0,0,493,0.18867924528301888
graduale,PageHinkley,1005,1,2,0,2,1,0,,0.37735849056603776
graduale,PageHinkley,1006,1,2,1,1,0,0,500,0.18867924528301888
graduale,PageHinkley,1007,1,2,1,1,0,0,480,0.18867924528301888
graduale,PageHinkley,1008,1,2,1,1,0,0,489,0.18867924528301888
graduale,PageHinkley,1009,1,2,1,1,0,0,434,0.18867924528301888
graduale,PageHinkley,1010,1,2,0,2,1,0,,0.37735849056603776
graduale,PageHinkley,1011,1,2,1,1,0,0,439,0.18867924528301888
graduale,PageHinkley,1012,1,2,0,2,1,0,,0.37735849056603776
graduale,PageHinkley,1013,1,2,0,2,1,0,,0.37735849056603776
graduale,PageHinkley,1014,1,2,1,1,0,0,439,0.18867924528301888
graduale,PageHinkley,1015,1,2,1,1,0,0,443,0.18867924528301888
graduale,PageHinkley,1016,1,2,1,1,0,0,488,0.18867924528301888
graduale,PageHinkley,1017,1,1,0,1,1,0,,0.18867924528301888
graduale,PageHinkley,1018,1,2,1,1,0,0,420,0.18867924528301888
graduale,PageHinkley,1019,1,2,1,1,0,0,465,0.18867924528301888
graduale,Ensemble-MAJORITY,1000,1,3,0,3,1,0,,0.5660377358490566
graduale,Ensemble-MAJORITY,1001,1,4,1,2,0,1,436,0.37735849056603776
graduale,Ensemble-MAJORITY,1002,1,4,1,2,0,1,378,0.37735849056603776
graduale,Ensemble-MAJORITY,1003,1,2,0,2,1,0,,0.37735849056603776
graduale,Ensemble-MAJORITY,1004,1,4,1,2,0,1,493,0.37735849056603776
graduale,Ensemble-MAJORITY,1005,1,3,0,3,1,0,,0.5660377358490566
graduale,Ensemble-MAJORITY,1006,1,2,0,2,1,0,,0.37735849056603776
graduale,Ensemble-MAJORITY,1007,1,1,0,1,1,0,,0.18867924528301888
graduale,Ensemble-MAJORITY,1008,1,1,0,1,1,0,,0.18867924528301888
graduale,Ensemble-MAJORITY,1009,1,2,0,2,1,0,,0.37735849056603776
graduale,Ensemble-MAJORITY,1010,1,1,0,1,1,0,,0.18867924528301888
graduale,Ensemble-MAJORITY,1011,1,4,1,2,0,1,303,0.37735849056603776
graduale,Ensemble-MAJORITY,1012,1,1,0,1,1,0,,0.18867924528301888
graduale,Ensemble-MAJORITY,1013,1,3,0,3,1,0,,0.5660377358490566
graduale,Ensemble-MAJORITY,1014,1,2,0,2,1,0,,0.37735849056603776
graduale,Ensemble-MAJORITY,1015,1,2,0,2,1,0,,0.37735849056603776
graduale,Ensemble-MAJORITY,1016,1,3,1,2,0,0,488,0.37735849056603776
graduale,Ensemble-MAJORITY,1017,1,1,0,1,1,0,,0.18867924528301888
graduale,Ensemble-MAJORITY,1018,1,2,0,2,1,0,,0.37735849056603776
graduale,Ensemble-MAJORITY,1019,1,4,1,2,0,1,431,0.37735849056603776
incrementale,KS,1000,1,7,1,5,0,1,487,0.9433962264150944
incrementale,KS,1001,1,3,1,0,0,2,406,0.0
incrementale,KS,1002,1,8,1,3,0,4,146,0.5660377358490566
incrementale,KS,1003,1,7,1,3,0,3,472,0.5660377358490566
incrementale,KS,1004,1,6,1,5,0,0,487,0.9433962264150944
incrementale,KS,1005,1,2,1,1,0,0,452,0.18867924528301888
incrementale,KS,1006,1,2,1,0,0,1,328,0.0
incrementale,KS,1007,1,8,0,8,1,0,,1.509433962264151
incrementale,KS,1008,1,5,1,3,0,1,490,0.5660377358490566
incrementale,KS,1009,1,6,1,3,0,2,425,0.5660377358490566
incrementale,KS,1010,1,6,1,2,0,3,399,0.37735849056603776
incrementale,KS,1011,1,1,1,0,0,0,240,0.0
incrementale,KS,1012,1,6,0,6,1,0,,1.1320754716981132
incrementale,KS,1013,1,5,0,5,1,0,,0.9433962264150944
incrementale,KS,1014,1,2,0,2,1,0,,0.37735849056603776
incrementale,KS,1015,1,8,1,7,0,0,454,1.3207547169811322
incrementale,KS,1016,1,3,1,2,0,0,433,0.37735849056603776
incrementale,KS,1017,1,9,0,9,1,0,,1.6981132075471699
incrementale,KS,1018,1,2,0,2,1,0,,0.37735849056603776
incrementale,KS,1019,1,2,1,1,0,0,497,0.18867924528301888
incrementale,ADWIN,1000,1,2,1,1,0,0,463,0.18867924528301888
incrementale,ADWIN,1001,1,1,1,0,0,0,495,0.0
incrementale,ADWIN,1002,1,1,1,0,0,0,495,0.0
incrementale,ADWIN,1003,1,2,1,1,0,0,495,0.18867924528301888
incrementale,ADWIN,1004,1,1,0,1,1,0,,0.18867924528301888
incrementale,ADWIN,1005,1,2,1,1,0,0,463,0.18867924528301888
incrementale,ADWIN,1006,1,1,1,0,0,0,431,0.0
incrementale,ADWIN,1007,1,2,1,1,0,0,495,0.18867924528301888
incrementale,ADWIN,1008,1,1,1,0,0,0,431,0.0
incrementale,ADWIN,1009,1,1,1,0,0,0,463,0.0
incrementale,ADWIN,1010,1,2,1,1,0,0,399,0.18867924528301888
incrementale,ADWIN,1011,1,2,1,1,0,0,367,0.18867924528301888
incrementale,ADWIN,1012,1,1,0,1,1,0,,0.18867924528301888
incrementale,ADWIN,1013,1,1,0,1,1,0,,0.18867924528301888
incrementale,ADWIN,1014,1,2,1,1,0,0,367,0.18867924528301888
incrementale,ADWIN,1015,1,2,1,1,0,0,495,0.18867924528301888
incrementale,ADWIN,1016,1,2,1,1,0,0,431,0.18867924528301888
incrementale,ADWIN,1017,1,2,0,2,1,0,,0.37735849056603776
incrementale,ADWIN,1018,1,1,0,1,1,0,,0.18867924528301888
incrementale,ADWIN,1019,1,1,0,1,1,0,,0.18867924528301888
incrementale,DDM,1000,1,1,0,1,1,0,,0.18867924528301888
incrementale,DDM,1001,1,3,1,2,0,0,467,0.37735849056603776
incrementale,DDM,1002,1,2,0,2,1,0,,0.37735849056603776
incrementale,DDM,1003,1,2,0,2,1,0,,0.37735849056603776
incrementale,DDM,1004,1,2,0,2,1,0,,0.37735849056603776
incrementale,DDM,1005,1,2,1,1,0,0,458,0.18867924528301888
incrementale,DDM,1006,1,4,1,3,0,0,345,0.5660377358490566
incrementale,DDM,1007,1,2,1,1,0,0,469,0.18867924528301888
incrementale,DDM,1008,1,2,1,1,0,0,424,0.18867924528301888
incrementale,DDM,1009,1,2,1,1,0,0,462,0.18867924528301888
incrementale,DDM,1010,1,2,1,1,0,0,387,0.18867924528301888
incrementale,DDM,1011,1,2,0,2,1,0,,0.37735849056603776
incrementale,DDM,1012,1,2,0,2,1,0,,0.37735849056603776
incrementale,DDM,1013,1,2,0,2,1,0,,0.37735849056603776
incrementale,DDM,1014,1,3,1,2,0,0,332,0.37735849056603776
incrementale,DDM,1015,1,2,1,1,0,0,457,0.18867924528301888
incrementale,DDM,1016,1,2,0,2,1,0,,0.37735849056603776
incrementale,DDM,1017,1,2,1,1,0,0,495,0.18867924528301888
incrementale,DDM,1018,1,2,1,1,0,0,352,0.18867924528301888
incrementale,DDM,1019,1,2,0,2,1,0,,0.37735849056603776
incrementale,PageHinkley,1000,1,2,1,1,0,0,490,0.18867924528301888
incrementale,PageHinkley,1001,1,2,1,1,0,0,486,0.18867924528301888
incrementale,PageHinkley,1002,1,2,1,1,0,0,454,0.18867924528301888
incrementale,PageHinkley,1003,1,2,0,2,1,0,,0.37735849056603776
incrementale,PageHinkley,1004,1,2,0,2,1,0,,0.37735849056603776
incrementale,PageHinkley,1005,1,2,1,1,0,0,454,0.18867924528301888
incrementale,PageHinkley,1006,1,2,1,1,0,0,421,0.18867924528301888
incrementale,PageHinkley,1007,1,2,0,2,1,0,,0.37735849056603776
incrementale,PageHinkley,1008,1,2,1,1,0,0,474,0.18867924528301888
incrementale,PageHinkley,1009,1,2,1,1,0,0,495,0.18867924528301888
incrementale,PageHinkley,1010,1,2,1,1,0,0,419,0.18867924528301888
incrementale,PageHinkley,1011,1,2,1,1,0,0,417,0.18867924528301888
incrementale,PageHinkley,1012,1,2,0,2,1,0,,0.37735849056603776
incrementale,PageHinkley,1013,1,2,0,2,1,0,,0.37735849056603776
incrementale,PageHinkley,1014,1,2,1,1,0,0,372,0.18867924528301888
incrementale,PageHinkley,1015,1,2,1,1,0,0,487,0.18867924528301888
incrementale,PageHinkley,1016,1,2,0,2,1,0,,0.37735849056603776
incrementale,PageHinkley,1017,1,2,0,2,1,0,,0.37735849056603776
incrementale,PageHinkley,1018,1,2,1,1,0,0,458,0.18867924528301888
incrementale,PageHinkley,1019,1,2,0,2,1,0,,0.37735849056603776
incrementale,Ensemble-MAJORITY,1000,1,3,1,2,0,0,490,0.37735849056603776
incrementale,Ensemble-MAJORITY,1001,1,3,1,1,0,1,486,0.18867924528301888
incrementale,Ensemble-MAJORITY,1002,1,3,1,1,0,1,454,0.18867924528301888
incrementale,Ensemble-MAJORITY,1003,1,3,0,3,1,0,,0.5660377358490566
incrementale,Ensemble-MAJORITY,1004,1,2,0,2,1,0,,0.37735849056603776
incrementale,Ensemble-MAJORITY,1005,1,4,1,2,0,1,454,0.37735849056603776
incrementale,Ensemble-MAJORITY,1006,1,3,1,1,0,1,421,0.18867924528301888
incrementale,Ensemble-MAJORITY,1007,1,2,0,2,1,0,,0.37735849056603776
incrementale,Ensemble-MAJORITY,1008,1,1,0,1,1,0,,0.18867924528301888
incrementale,Ensemble-MAJORITY,1009,1,2,1,1,0,0,495,0.18867924528301888
incrementale,Ensemble-MAJORITY,1010,1,4,1,2,0,1,399,0.37735849056603776
incrementale,Ensemble-MAJORITY,1011,1,4,1,2,0,1,367,0.37735849056603776
incrementale,Ensemble-MAJORITY,1012,1,1,0,1,1,0,,0.18867924528301888
incrementale,Ensemble-MAJORITY,1013,1,1,0,1,1,0,,0.18867924528301888
incrementale,Ensemble-MAJORITY,1014,1,2,0,2,1,0,,0.37735849056603776
incrementale,Ensemble-MAJORITY,1015,1,4,1,2,0,1,487,0.37735849056603776
incrementale,Ensemble-MAJORITY,1016,1,2,0,2,1,0,,0.37735849056603776
incrementale,Ensemble-MAJORITY,1017,1,2,0,2,1,0,,0.37735849056603776
incrementale,Ensemble-MAJORITY,1018,1,1,0,1,1,0,,0.18867924528301888
incrementale,Ensemble-MAJORITY,1019,1,3,0,3,1,0,,0.5660377358490566
ricorrente,KS,1000,2,1,1,0,1,0,56,0.0
ricorrente,KS,1001,2,2,1,0,1,1,30,0.0
ricorrente,KS,1002,2,4,1,3,1,0,25,0.625
ricorrente,KS,1003,2,1,1,0,1,0,45,0.0
ricorrente,KS,1004,2,1,1,0,1,0,43,0.0
ricorrente,KS,1005,2,1,1,0,1,0,37,0.0
ricorrente,KS,1006,2,3,2,0,0,1,57.5,0.0
ricorrente,KS,1007,2,1,1,0,1,0,74,0.0
ricorrente,KS,1008,2,1,1,0,1,0,61,0.0
ricorrente,KS,1009,2,1,1,0,1,0,50,0.0
ricorrente,KS,1010,2,5,1,0,1,4,67,0.0
ricorrente,KS,1011,2,1,1,0,1,0,25,0.0
ricorrente,KS,1012,2,1,1,0,1,0,56,0.0
ricorrente,KS,1013,2,1,1,0,1,0,57,0.0
ricorrente,KS,1014,2,1,1,0,1,0,20,0.0
ricorrente,KS,1015,2,1,1,0,1,0,36,0.0
ricorrente,KS,1016,2,1,1,0,1,0,56,0.0
ricorrente,KS,1017,2,1,1,0,1,0,73,0.0
ricorrente,KS,1018,2,1,1,0,1,0,41,0.0
ricorrente,KS,1019,2,4,1,0,1,3,44,0.0
ricorrente,ADWIN,1000,2,2,2,0,0,0,55,0.0
ricorrente,ADWIN,1001,2,2,2,0,0,0,71,0.0
ricorrente,ADWIN,1002,2,2,2,0,0,0,71,0.0
ricorrente,ADWIN,1003,2,2,2,0,0,0,55,0.0
ricorrente,ADWIN,1004,2,2,2,0,0,0,55,0.0
ricorrente,ADWIN,1005,2,2,2,0,0,0,71,0.0
ricorrente,ADWIN,1006,2,2,2,0,0,0,87,0.0
ricorrente,ADWIN,1007,2,2,2,0,0,0,55,0.0
ricorrente,ADWIN,1008,2,2,2,0,0,0,55,0.0
ricorrente,ADWIN,1009,2,2,2,0,0,0,55,0.0
ricorrente,ADWIN,1010,2,2,2,0,0,0,71,0.0
ricorrente,ADWIN,1011,2,2,2,0,0,0,71,0.0
ricorrente,ADWIN,1012,2,2,2,0,0,0,55,0.0
ricorrente,ADWIN,1013,2,2,2,0,0,0,87,0.0
ricorrente,ADWIN,1014,2,2,2,0,0,0,71,0.0
ricorrente,ADWIN,1015,2,2,2,0,0,0,55,0.0
ricorrente,ADWIN,1016,2,2,2,0,0,0,71,0.0
ricorrente,ADWIN,1017,2,2,2,0,0,0,71,0.0
ricorrente,ADWIN,1018,2,2,2,0,0,0,55,0.0
ricorrente,ADWIN,1019,2,2,2,0,0,0,55,0.0
ricorrente,DDM,1000,2,1,1,0,1,0,191,0.0
ricorrente,DDM,1001,2,2,1,1,1,0,104,0.20833333333333334
ricorrente,DDM,1002,2,1,1,0,1,0,136,0.0
ricorrente,DDM,1003,2,1,1,0,1,0,145,0.0
ricorrente,DDM,1004,2,1,1,0,1,0,86,0.0
ricorrente,DDM,1005,2,1,1,0,1,0,108,0.0
ricorrente,DDM,1006,2,2,1,1,1,0,76,0.20833333333333334
ricorrente,DDM,1007,2,1,1,0,1,0,91,0.0
ricorrente,DDM,1008,2,1,1,0,1,0,79,0.0
ricorrente,DDM,1009,2,1,1,0,1,0,85,0.0
ricorrente,DDM,1010,2,2,1,1,1,0,81,0.20833333333333334
ricorrente,DDM,1011,2,1,1,0,1,0,138,0.0
ricorrente,DDM,1012,2,1,1,0,1,0,105,0.0
ricorrente,DDM,1013,2,1,1,0,1,0,99,0.0
ricorrente,DDM,1014,2,1,1,0,1,0,34,0.0
ricorrente,DDM,1015,2,1,1,0,1,0,48,0.0
ricorrente,DDM,1016,2,1,1,0,1,0,138,0.0
ricorrente,DDM,1017,2,1,1,0,1,0,130,0.0
ricorrente,DDM,1018,2,1,1,0,1,0,48,0.0
ricorrente,DDM,1019,2,1,1,0,1,0,88,0.0
ricorrente,PageHinkley,1000,2,1,1,0,1,0,123,0.0
ricorrente,PageHinkley,1001,2,1,1,0,1,0,127,0.0
ricorrente,PageHinkley,1002,2,1,1,0,1,0,60,0.0
ricorrente,PageHinkley,1003,2,1,1,0,1,0,111,0.0
ricorrente,PageHinkley,1004,2,1,1,0,1,0,112,0.0
ricorrente,PageHinkley,1005,2,1,1,0,1,0,111,0.0
ricorrente,PageHinkley,1006,2,1,1,0,1,0,103,0.0
ricorrente,PageHinkley,1007,2,1,1,0,1,0,130,0.0
ricorrente,PageHinkley,1008,2,1,1,0,1,0,110,0.0
ricorrente,PageHinkley,1009,2,1,1,0,1,0,122,0.0
ricorrente,PageHinkley,1010,2,2,1,1,1,0,130,0.20833333333333334
ricorrente,PageHinkley,1011,2,1,1,0,1,0,89,0.0
ricorrente,PageHinkley,1012,2,1,1,0,1,0,116,0.0
ricorrente,PageHinkley,1013,2,1,1,0,1,0,106,0.0
ricorrente,PageHinkley,1014,2,1,1,0,1,0,62,0.0
ricorrente,PageHinkley,1015,2,1,1,0,1,0,78,0.0
ricorrente,PageHinkley,1016,2,1,1,0,1,0,141,0.0
ricorrente,PageHinkley,1017,2,1,1,0,1,0,122,0.0
ricorrente,PageHinkley,1018,2,1,1,0,1,0,81,0.0
ricorrente,PageHinkley,1019,2,1,1,0,1,0,88,0.0
ricorrente,Ensemble-MAJORITY,1000,2,1,1,0,1,0,123,0.0
ricorrente,Ensemble-MAJORITY,1001,2,3,2,0,0,1,71,0.0
ricorrente,Ensemble-MAJORITY,1002,2,2,1,0,1,1,47,0.0
ricorrente,Ensemble-MAJORITY,1003,2,2,1,0,1,1,47,0.0
ricorrente,Ensemble-MAJORITY,1004,2,2,1,0,1,1,47,0.0
ricorrente,Ensemble-MAJORITY,1005,2,2,1,0,1,1,79,0.0
ricorrente,Ensemble-MAJORITY,1006,2,2,1,0,1,1,79,0.0
ricorrente,Ensemble-MAJORITY,1007,2,1,1,0,1,0,130,0.0
ricorrente,Ensemble-MAJORITY,1008,2,1,1,0,1,0,110,0.0
ricorrente,Ensemble-MAJORITY,1009,2,1,1,0,1,0,122,0.0
ricorrente,Ensemble-MAJORITY,1010,2,3,1,1,1,1,79,0.20833333333333334
ricorrente,Ensemble-MAJORITY,1011,2,2,1,0,1,1,47,0.0
ricorrente,Ensemble-MAJORITY,1012,2,1,1,0,1,0,116,0.0
ricorrente,Ensemble-MAJORITY,1013,2,2,1,0,1,1,79,0.0
ricorrente,Ensemble-MAJORITY,1014,2,2,1,0,1,1,47,0.0
ricorrente,Ensemble-MAJORITY,1015,2,2,1,0,1,1,47,0.0
ricorrente,Ensemble-MAJORITY,1016,2,2,1,0,1,1,79,0.0
ricorrente,Ensemble-MAJORITY,1017,2,2,1,0,1,1,79,0.0
ricorrente,Ensemble-MAJORITY,1018,2,2,1,0,1,1,47,0.0
ricorrente,Ensemble-MAJORITY,1019,2,2,1,0,1,1,47,0.0
